label,n,karger_tries,stein_tries
er-10-0.75,10,7,4
er-10-0.5,10,1,1
er-10-0.8,10,1,1
er-10-0.4,10,1,1
er-10-0.6,10,7,2
er-10-0.5,10,4,1
er-10-0.3,10,4,1
er-10-0.5,10,1,1
er-10-0.85,10,3,1
er-10-0.85,10,1,1
er-10-0.6,10,10,3
er-10-0.85,10,4,1
er-10-0.8,10,1,1
er-10-0.95,10,3,1
er-10-0.5,10,3,1
er-10-0.5,10,3,1
er-10-0.25,10,8,1
er-10-0.5,10,2,1
er-10-0.65,10,2,1
er-10-0.85,10,10,1
er-10-0.7,10,1,2
er-10-0.95,10,3,1
er-10-0.7,10,3,1
er-10-0.35,10,1,1
er-10-1.0,10,4,1
er-10-1.0,10,1,1
er-10-0.5,10,5,1
er-10-0.5,10,4,1
er-10-0.85,10,4,2
er-10-0.7,10,2,1
er-10-0.9,10,3,1
er-10-0.7,10,1,1
er-10-0.35,10,1,1
er-10-0.5,10,1,1
er-10-0.85,10,3,2
er-10-0.35,10,2,1
er-10-0.7,10,1,1
er-10-0.8,10,4,1
er-10-0.65,10,1,1
er-10-0.7,10,11,1
er-10-0.8,10,1,1
er-10-0.35,10,4,1
er-10-0.8,10,3,3
er-10-0.95,10,1,1
er-10-0.9,10,7,1
er-10-0.8,10,2,1
er-10-0.7,10,6,1
er-10-0.75,10,1,1
er-10-0.65,10,1,1
er-10-0.95,10,1,1
er-10-0.7,10,3,1
er-10-0.45,10,2,1
er-10-0.6,10,4,1
er-10-0.8,10,2,1
er-10-0.65,10,4,1
er-10-0.65,10,2,1
er-10-0.95,10,10,1
er-10-0.4,10,1,1
er-10-0.25,10,1,1
er-10-0.6,10,1,1
er-10-0.8,10,5,1
er-10-0.35,10,1,1
er-10-0.9,10,4,7
er-10-0.65,10,3,1
er-10-0.55,10,5,1
er-10-0.25,10,1,1
er-10-0.8,10,2,1
er-10-0.55,10,3,1
er-10-0.8,10,2,1
er-10-0.75,10,17,1
er-10-0.7,10,7,1
er-10-0.5,10,2,1
er-10-0.4,10,1,1
er-10-0.7,10,13,1
er-10-0.95,10,3,1
er-10-0.7,10,8,3
er-10-0.9,10,4,1
er-10-0.65,10,5,1
er-10-0.75,10,5,1
er-10-0.45,10,2,1
er-10-0.6,10,2,1
er-10-0.7,10,2,1
er-10-0.65,10,5,1
er-10-0.6,10,2,1
er-10-0.9,10,2,1
er-10-0.6,10,2,1
er-10-0.7,10,14,1
er-10-0.8,10,2,2
er-10-0.25,10,1,1
er-10-0.2,10,1,1
er-10-0.55,10,2,2
er-10-0.75,10,5,1
er-10-0.75,10,9,1
er-10-0.45,10,3,1
er-10-0.9,10,2,1
er-10-0.65,10,2,1
er-10-0.9,10,11,1
er-10-0.8,10,8,1
er-10-0.4,10,1,1
er-10-0.3,10,1,1
er-20-0.6,20,2,1
er-20-0.9,20,2,1
er-20-0.6,20,2,1
er-20-0.45,20,7,1
er-20-0.65,20,3,1
er-20-0.75,20,6,1
er-20-0.5,20,2,1
er-20-0.4,20,2,2
er-20-0.85,20,7,1
er-20-0.25,20,1,1
er-20-0.45,20,6,1
er-20-0.25,20,3,1
er-20-0.25,20,5,1
er-20-0.95,20,20,2
er-20-0.65,20,8,2
er-20-0.5,20,12,1
er-20-0.4,20,7,2
er-20-0.6,20,2,2
er-20-0.15,20,1,1
er-20-0.95,20,31,2
er-20-0.85,20,2,1
er-20-0.85,20,32,1
er-20-0.55,20,1,2
er-20-0.95,20,9,1
er-20-0.9,20,3,1
er-20-0.2,20,6,1
er-20-0.55,20,6,1
er-20-0.8,20,2,2
er-20-0.95,20,12,2
er-20-0.95,20,17,1
er-20-0.3,20,7,2
er-20-0.7,20,5,1
er-20-0.7,20,1,1
er-20-0.4,20,3,1
er-20-0.5,20,3,1
er-20-0.4,20,1,1
er-20-0.4,20,8,2
er-20-0.95,20,8,1
er-20-0.65,20,3,1
er-20-0.35,20,4,1
er-20-0.7,20,14,2
er-20-0.2,20,1,1
er-20-0.75,20,1,1
er-20-0.7,20,30,2
er-20-0.55,20,2,1
er-20-0.6,20,3,1
er-20-0.65,20,2,1
er-20-0.95,20,21,1
er-20-0.75,20,1,1
er-20-0.95,20,63,1
er-20-0.8,20,12,1
er-20-0.25,20,2,1
er-20-0.25,20,3,1
er-20-0.25,20,3,1
er-20-0.6,20,6,1
er-20-0.7,20,6,1
er-20-0.3,20,1,1
er-20-0.4,20,5,1
er-20-0.5,20,8,1
er-20-0.45,20,10,1
er-20-0.6,20,5,2
er-20-0.7,20,25,1
er-20-0.35,20,2,1
er-20-0.4,20,1,1
er-20-0.85,20,4,1
er-20-0.4,20,9,1
er-20-0.65,20,12,1
er-20-0.45,20,17,1
er-20-0.35,20,1,1
er-20-0.65,20,1,2
er-20-0.4,20,9,1
er-20-0.5,20,9,1
er-20-0.4,20,4,1
er-20-0.3,20,3,1
er-20-0.75,20,13,3
er-20-1.0,20,1,1
er-20-0.2,20,4,1
er-20-0.55,20,1,1
er-20-1.0,20,1,1
er-20-0.6,20,1,1
er-20-0.4,20,3,1
er-20-0.25,20,3,1
er-20-0.35,20,10,1
er-20-0.5,20,5,2
er-20-0.7,20,2,2
er-20-0.35,20,5,1
er-20-0.2,20,1,1
er-20-0.45,20,5,1
er-20-0.75,20,7,6
er-20-0.55,20,2,2
er-20-0.55,20,12,1
er-20-0.6,20,14,2
er-20-0.9,20,1,3
er-20-0.75,20,5,4
er-20-0.9,20,26,2
er-20-0.25,20,2,1
er-20-0.55,20,13,1
er-20-1.0,20,1,1
er-20-0.95,20,1,1
er-20-0.5,20,1,3
er-30-0.95,30,11,1
er-30-0.45,30,4,1
er-30-0.85,30,16,2
er-30-0.2,30,6,1
er-30-0.95,30,36,3
er-30-0.25,30,6,2
er-30-0.6,30,21,1
er-30-0.35,30,3,1
er-30-0.6,30,17,1
er-30-0.4,30,6,1
er-30-0.6,30,2,2
er-30-0.4,30,3,1
er-30-0.3,30,3,2
er-30-0.6,30,13,1
er-30-0.4,30,2,1
er-30-0.6,30,15,2
er-30-0.95,30,29,1
er-30-0.25,30,3,1
er-30-0.4,30,12,1
er-30-0.2,30,3,1
er-30-0.65,30,21,3
er-30-0.15,30,2,2
er-30-0.75,30,1,1
er-30-0.2,30,2,1
er-30-0.3,30,3,2
er-30-0.2,30,1,1
er-30-0.6,30,30,1
er-30-0.35,30,9,1
er-30-0.6,30,4,1
er-30-0.35,30,25,2
er-30-0.6,30,7,2
er-30-0.4,30,18,2
er-30-0.2,30,2,1
er-30-0.4,30,7,1
er-30-0.6,30,4,4
er-30-0.95,30,48,1
er-30-0.45,30,4,1
er-30-0.5,30,1,1
er-30-1.0,30,1,1
er-30-0.8,30,4,1
er-30-0.35,30,5,1
er-30-0.55,30,56,1
er-30-0.4,30,4,1
er-30-0.6,30,9,1
er-30-0.85,30,36,2
er-30-1.0,30,2,1
er-30-0.5,30,5,1
er-30-0.5,30,6,1
er-30-0.25,30,4,1
er-30-0.8,30,60,1
er-30-0.75,30,27,3
er-30-0.55,30,14,1
er-30-0.45,30,12,1
er-30-0.75,30,43,1
er-30-0.35,30,5,2
er-30-1.0,30,1,1
er-30-0.65,30,4,2
er-30-1.0,30,1,1
er-30-0.9,30,16,1
er-30-1.0,30,1,1
er-30-0.5,30,3,3
er-30-0.3,30,6,1
er-30-0.3,30,2,1
er-30-0.85,30,4,2
er-30-0.85,30,10,3
er-30-0.85,30,15,1
er-30-0.3,30,6,1
er-30-0.65,30,2,3
er-30-0.85,30,6,1
er-30-0.4,30,2,1
er-30-0.55,30,1,1
er-30-0.5,30,6,1
er-30-0.25,30,12,1
er-30-0.65,30,9,1
er-30-0.65,30,15,1
er-30-0.15,30,2,1
er-30-0.75,30,11,1
er-30-0.75,30,3,1
er-30-0.6,30,3,1
er-30-1.0,30,1,1
er-30-0.55,30,16,3
er-30-0.6,30,30,1
er-30-0.9,30,16,1
er-30-0.95,30,5,1
er-30-0.5,30,13,1
er-30-0.3,30,1,1
er-30-0.1,30,3,1
er-30-0.75,30,23,1
er-30-0.45,30,10,1
er-30-0.45,30,3,1
er-30-0.3,30,10,2
er-30-0.9,30,3,3
er-30-0.4,30,8,1
er-30-0.4,30,2,1
er-30-0.5,30,3,3
er-30-0.2,30,3,1
er-30-0.55,30,1,2
er-30-0.7,30,3,1
er-30-0.75,30,3,1
er-30-0.45,30,2,2
er-40-0.9,40,9,1
er-40-0.85,40,9,1
er-40-0.65,40,4,1
er-40-0.8,40,201,2
er-40-0.25,40,14,1
er-40-0.95,40,15,2
er-40-0.95,40,32,3
er-40-0.85,40,16,1
er-40-0.2,40,6,1
er-40-0.55,40,21,2
er-40-0.6,40,13,2
er-40-0.45,40,17,1
er-40-0.95,40,5,3
er-40-0.7,40,16,1
er-40-0.8,40,12,1
er-40-0.15,40,1,1
er-40-0.35,40,5,1
er-40-0.8,40,6,3
er-40-0.9,40,7,2
er-40-0.95,40,8,2
er-40-0.4,40,1,2
er-40-0.15,40,6,2
er-40-0.65,40,1,2
er-40-0.75,40,1,1
er-40-0.8,40,9,1
er-40-0.55,40,1,1
er-40-0.3,40,16,1
er-40-0.25,40,3,1
er-40-0.3,40,1,1
er-40-0.95,40,16,1
er-40-0.15,40,1,1
er-40-0.6,40,6,1
er-40-0.2,40,1,1
er-40-0.1,40,1,1
er-40-0.45,40,26,1
er-40-0.3,40,2,1
er-40-0.55,40,14,1
er-40-0.5,40,23,1
er-40-0.7,40,49,1
er-40-0.7,40,14,1
er-40-0.35,40,2,1
er-40-0.2,40,4,1
er-40-0.75,40,20,1
er-40-0.85,40,2,1
er-40-0.65,40,21,4
er-40-0.65,40,16,1
er-40-0.5,40,8,1
er-40-0.75,40,9,2
er-40-0.85,40,37,1
er-40-0.7,40,22,2
er-40-0.3,40,10,1
er-40-0.65,40,26,4
er-40-0.9,40,9,1
er-40-0.95,40,4,1
er-40-0.15,40,1,2
er-40-0.9,40,28,3
er-40-0.3,40,6,1
er-40-0.3,40,1,1
er-40-0.35,40,1,2
er-40-0.75,40,15,1
er-40-0.6,40,3,1
er-40-0.5,40,16,2
er-40-0.8,40,18,1
er-40-0.45,40,13,1
er-40-0.5,40,4,2
er-40-0.35,40,1,2
er-40-0.95,40,2,1
er-40-0.25,40,4,1
er-40-0.5,40,1,1
er-40-0.7,40,44,1
er-40-0.25,40,1,1
er-40-0.9,40,4,1
er-40-0.45,40,42,1
er-40-0.9,40,28,4
er-40-0.65,40,6,1
er-40-0.85,40,57,1
er-40-0.2,40,1,1
er-40-0.25,40,6,1
er-40-0.6,40,7,1
er-40-0.9,40,32,1
er-40-0.5,40,2,1
er-40-0.65,40,20,3
er-40-0.15,40,4,1
er-40-0.75,40,10,4
er-40-0.75,40,10,1
er-40-0.6,40,4,1
er-40-0.25,40,4,1
er-40-0.95,40,34,2
er-40-0.25,40,2,1
er-40-0.6,40,6,1
er-40-0.95,40,20,2
er-40-0.2,40,1,1
er-40-0.8,40,22,1
er-40-0.5,40,19,2
er-40-0.9,40,15,1
er-40-0.25,40,3,1
er-40-0.75,40,14,2
er-40-0.8,40,3,4
er-40-0.3,40,2,1
er-40-0.65,40,1,1
er-50-0.25,50,2,1
er-50-0.2,50,3,1
er-50-0.5,50,7,1
er-50-0.75,50,90,3
er-50-0.75,50,50,1
er-50-0.1,50,4,2
er-50-0.1,50,3,1
er-50-0.6,50,14,5
er-50-0.35,50,27,3
er-50-0.95,50,53,2
er-50-0.2,50,8,1
er-50-0.25,50,15,4
er-50-0.45,50,1,1
er-50-0.3,50,15,1
er-50-1.0,50,1,1
er-50-0.45,50,34,1
er-50-0.7,50,3,1
er-50-0.1,50,11,1
er-50-0.1,50,12,1
er-50-0.1,50,1,1
er-50-0.4,50,1,1
er-50-0.4,50,33,1
er-50-0.7,50,41,2
er-50-1.0,50,1,1
er-50-0.4,50,1,1
er-50-0.1,50,2,1
er-50-0.3,50,2,1
er-50-0.5,50,9,1
er-50-0.7,50,3,3
er-50-0.3,50,4,2
er-50-0.6,50,47,2
er-50-0.65,50,107,2
er-50-0.55,50,56,1
er-50-0.4,50,10,1
er-50-0.45,50,2,2
er-50-0.8,50,18,3
er-50-0.55,50,11,1
er-50-1.0,50,1,1
er-50-0.5,50,5,1
er-50-0.55,50,3,1
er-50-0.5,50,2,1
er-50-0.45,50,2,3
er-50-0.2,50,2,1
er-50-0.55,50,2,1
er-50-0.5,50,13,1
er-50-0.15,50,12,1
er-50-0.7,50,25,2
er-50-0.9,50,32,5
er-50-0.8,50,6,2
er-50-0.6,50,1,1
er-50-0.65,50,33,1
er-50-0.95,50,2,8
er-50-0.9,50,12,1
er-50-0.9,50,13,1
er-50-0.55,50,5,1
er-50-0.8,50,13,1
er-50-0.75,50,47,2
er-50-0.7,50,6,1
er-50-0.75,50,4,1
er-50-0.75,50,21,1
er-50-0.6,50,53,1
er-50-0.4,50,1,1
er-50-0.95,50,53,2
er-50-0.75,50,81,1
er-50-0.3,50,3,1
er-50-0.55,50,18,1
er-50-0.55,50,38,1
er-50-0.1,50,4,1
er-50-0.65,50,24,1
er-50-0.3,50,56,1
er-50-0.3,50,2,1
er-50-0.75,50,6,1
er-50-0.85,50,13,2
er-50-0.9,50,23,1
er-50-0.4,50,6,1
er-50-0.6,50,29,2
er-50-0.9,50,9,1
er-50-1.0,50,1,1
er-50-0.55,50,3,2
er-50-0.15,50,7,2
er-50-0.95,50,82,3
er-50-1.0,50,1,1
er-50-0.2,50,8,1
er-50-0.35,50,4,1
er-50-1.0,50,1,1
er-50-0.45,50,28,1
er-50-0.45,50,56,1
er-50-0.2,50,2,1
er-50-0.95,50,33,5
er-50-0.6,50,10,1
er-50-0.9,50,10,1
er-50-1.0,50,1,1
er-50-0.65,50,34,1
er-50-0.65,50,3,1
er-50-0.5,50,10,1
er-50-0.45,50,2,1
er-50-0.85,50,2,1
er-50-0.75,50,70,1
er-50-0.4,50,18,1
er-50-0.6,50,5,1
er-60-0.25,60,10,1
er-60-0.15,60,4,1
er-60-0.15,60,2,1
er-60-0.9,60,21,1
er-60-0.55,60,14,1
er-60-0.55,60,71,1
er-60-0.5,60,5,3
er-60-0.95,60,8,3
er-60-0.6,60,27,1
er-60-0.75,60,27,1
er-60-0.85,60,50,1
er-60-1.0,60,2,1
er-60-0.15,60,9,1
er-60-0.85,60,11,1
er-60-0.2,60,1,1
er-60-0.75,60,10,2
er-60-0.9,60,160,1
er-60-0.7,60,67,1
er-60-0.9,60,2,1
er-60-0.3,60,1,1
er-60-0.45,60,1,4
er-60-0.35,60,15,1
er-60-0.5,60,13,1
er-60-0.5,60,11,1
er-60-0.1,60,2,1
er-60-0.35,60,13,2
er-60-0.7,60,7,2
er-60-0.6,60,15,1
er-60-0.2,60,7,1
er-60-0.3,60,6,1
er-60-0.95,60,58,1
er-60-0.65,60,5,1
er-60-0.8,60,8,1
er-60-0.1,60,4,1
er-60-0.65,60,25,3
er-60-0.85,60,6,2
er-60-0.65,60,29,1
er-60-0.95,60,26,1
er-60-1.0,60,2,1
er-60-0.25,60,2,1
er-60-0.5,60,28,1
er-60-0.7,60,30,6
er-60-0.55,60,4,5
er-60-0.6,60,10,1
er-60-0.65,60,49,1
er-60-0.85,60,71,1
er-60-0.55,60,15,4
er-60-0.1,60,6,1
er-60-0.95,60,2,1
er-60-0.5,60,20,1
er-60-0.9,60,7,2
er-60-0.95,60,27,1
er-60-0.25,60,2,2
er-60-1.0,60,1,1
er-60-0.1,60,3,1
er-60-0.45,60,1,1
er-60-0.55,60,5,1
er-60-0.4,60,5,1
er-60-0.1,60,1,1
er-60-0.7,60,53,1
er-60-0.45,60,1,1
er-60-0.5,60,13,1
er-60-0.9,60,57,1
er-60-1.0,60,2,1
er-60-0.1,60,2,1
er-60-0.5,60,93,1
er-60-0.9,60,1,2
er-60-0.5,60,3,1
er-60-0.65,60,14,1
er-60-0.15,60,2,1
er-60-0.15,60,7,1
er-60-0.3,60,64,3
er-60-0.7,60,18,1
er-60-0.55,60,3,1
er-60-0.95,60,24,2
er-60-0.4,60,2,2
er-60-0.95,60,16,1
er-60-0.2,60,3,1
er-60-0.3,60,6,2
er-60-0.4,60,3,1
er-60-0.4,60,3,2
er-60-0.2,60,12,2
er-60-0.15,60,3,1
er-60-0.5,60,30,1
er-60-0.9,60,17,1
er-60-0.6,60,17,1
er-60-0.9,60,14,1
er-60-0.55,60,24,2
er-60-0.45,60,60,1
er-60-0.2,60,3,1
er-60-0.95,60,20,1
er-60-0.15,60,5,3
er-60-0.85,60,16,1
er-60-0.65,60,10,1
er-60-1.0,60,1,1
er-60-0.75,60,30,1
er-60-0.3,60,50,3
er-60-1.0,60,1,1
er-60-0.95,60,4,1
er-60-0.75,60,5,1
er-70-0.75,70,19,2
er-70-0.6,70,104,2
er-70-0.85,70,78,2
er-70-0.35,70,2,1
er-70-0.6,70,11,6
er-70-0.8,70,38,3
er-70-0.7,70,23,1
er-70-0.75,70,39,1
er-70-0.8,70,7,7
er-70-0.85,70,27,5
er-70-0.15,70,2,1
er-70-0.45,70,54,4
er-70-0.55,70,3,1
er-70-0.5,70,36,1
er-70-0.65,70,2,1
er-70-0.2,70,6,1
er-70-0.4,70,5,1
er-70-0.25,70,1,2
er-70-0.85,70,6,1
er-70-0.95,70,271,1
er-70-0.25,70,4,1
er-70-0.9,70,26,1
er-70-0.75,70,9,2
er-70-0.45,70,36,2
er-70-0.9,70,38,1
er-70-0.6,70,46,1
er-70-0.35,70,17,1
er-70-0.15,70,16,2
er-70-0.55,70,5,1
er-70-0.35,70,37,1
er-70-0.8,70,48,1
er-70-0.75,70,2,1
er-70-0.4,70,8,1
er-70-0.5,70,4,1
er-70-0.55,70,2,2
er-70-0.5,70,44,1
er-70-0.95,70,147,1
er-70-0.15,70,6,1
er-70-0.95,70,12,1
er-70-0.05,70,1,1
er-70-1.0,70,1,1
er-70-0.45,70,23,1
er-70-0.65,70,7,1
er-70-0.8,70,10,1
er-70-0.7,70,4,2
er-70-0.3,70,2,1
er-70-0.9,70,27,1
er-70-1.0,70,1,1
er-70-0.55,70,12,1
er-70-0.8,70,11,3
er-70-0.1,70,5,2
er-70-0.2,70,4,1
er-70-0.65,70,43,1
er-70-0.55,70,1,2
er-70-0.55,70,34,1
er-70-0.85,70,24,2
er-70-0.75,70,56,2
er-70-0.65,70,16,1
er-70-0.25,70,9,1
er-70-0.6,70,39,1
er-70-0.55,70,4,1
er-70-0.7,70,29,2
er-70-0.75,70,33,1
er-70-0.15,70,2,1
er-70-0.9,70,191,1
er-70-0.3,70,3,3
er-70-1.0,70,1,1
er-70-0.75,70,25,3
er-70-0.85,70,14,2
er-70-0.55,70,45,1
er-70-0.35,70,13,3
er-70-1.0,70,1,1
er-70-0.8,70,15,2
er-70-0.45,70,19,1
er-70-0.4,70,25,1
er-70-0.75,70,120,1
er-70-0.6,70,38,5
er-70-0.4,70,6,3
er-70-0.85,70,3,1
er-70-0.55,70,4,1
er-70-0.65,70,69,2
er-70-0.1,70,3,1
er-70-0.25,70,2,1
er-70-0.3,70,31,3
er-70-0.35,70,4,1
er-70-0.75,70,11,3
er-70-0.4,70,13,2
er-70-0.35,70,5,1
er-70-0.85,70,25,2
er-70-0.95,70,27,1
er-70-0.25,70,23,1
er-70-0.2,70,14,1
er-70-0.55,70,31,1
er-70-0.85,70,4,1
er-70-0.9,70,71,1
er-70-0.25,70,8,6
er-70-0.5,70,13,1
er-70-0.4,70,27,2
er-70-0.9,70,4,1
er-70-0.85,70,17,1
er-80-0.9,80,43,2
er-80-0.4,80,14,2
er-80-0.35,80,5,1
er-80-0.6,80,43,1
er-80-0.4,80,14,1
er-80-0.45,80,7,1
er-80-0.4,80,1,2
er-80-0.15,80,3,1
er-80-0.55,80,2,1
er-80-0.45,80,12,1
er-80-0.95,80,11,2
er-80-0.5,80,1,1
er-80-0.2,80,13,1
er-80-0.95,80,60,1
er-80-0.6,80,18,3
er-80-0.95,80,225,1
er-80-0.25,80,53,1
er-80-0.45,80,2,1
er-80-0.75,80,13,5
er-80-0.9,80,9,2
er-80-0.5,80,25,1
er-80-0.15,80,3,1
er-80-0.2,80,53,2
er-80-0.1,80,3,1
er-80-0.45,80,27,2
er-80-0.25,80,28,1
er-80-0.05,80,1,1
er-80-0.3,80,1,1
er-80-0.05,80,1,1
er-80-0.3,80,5,1
er-80-0.6,80,33,1
er-80-0.25,80,92,1
er-80-0.55,80,21,5
er-80-0.75,80,74,1
er-80-0.6,80,257,1
er-80-0.5,80,14,1
er-80-0.85,80,15,1
er-80-0.5,80,14,2
er-80-0.85,80,50,1
er-80-0.95,80,75,4
er-80-0.6,80,45,2
er-80-0.9,80,83,2
er-80-0.2,80,24,1
er-80-0.95,80,16,1
er-80-0.95,80,15,4
er-80-0.75,80,19,2
er-80-0.3,80,10,2
er-80-0.4,80,12,2
er-80-0.55,80,59,1
er-80-0.2,80,6,1
er-80-0.25,80,2,1
er-80-0.95,80,51,1
er-80-0.85,80,3,2
er-80-0.35,80,16,1
er-80-0.25,80,11,2
er-80-0.65,80,85,1
er-80-0.6,80,11,1
er-80-0.25,80,17,1
er-80-0.45,80,7,3
er-80-0.85,80,10,3
er-80-0.2,80,8,1
er-80-0.55,80,12,1
er-80-0.25,80,1,1
er-80-0.7,80,67,3
er-80-0.15,80,13,1
er-80-1.0,80,1,1
er-80-0.1,80,10,1
er-80-0.1,80,18,1
er-80-0.65,80,10,1
er-80-0.5,80,65,2
er-80-0.95,80,47,1
er-80-0.25,80,24,1
er-80-0.3,80,5,1
er-80-0.45,80,5,3
er-80-0.8,80,29,1
er-80-0.2,80,8,1
er-80-0.15,80,3,1
er-80-0.65,80,13,1
er-80-0.1,80,2,1
er-80-0.75,80,58,1
er-80-0.55,80,36,1
er-80-0.45,80,99,2
er-80-0.55,80,17,2
er-80-0.35,80,8,2
er-80-0.3,80,2,1
er-80-1.0,80,1,1
er-80-0.8,80,6,1
er-80-0.55,80,32,1
er-80-0.45,80,23,1
er-80-0.95,80,66,1
er-80-0.95,80,5,1
er-80-0.4,80,36,1
er-80-0.65,80,1,2
er-80-0.4,80,36,1
er-80-0.35,80,12,1
er-80-0.8,80,9,1
er-80-0.3,80,5,1
er-80-0.75,80,39,1
er-80-0.75,80,7,1
er-80-0.5,80,57,1
er-90-0.1,90,2,1
er-90-0.3,90,9,1
er-90-0.85,90,81,1
er-90-0.65,90,17,4
er-90-0.65,90,2,1
er-90-0.55,90,25,3
er-90-0.15,90,6,2
er-90-0.85,90,22,3
er-90-0.45,90,6,1
er-90-1.0,90,1,1
er-90-0.3,90,31,1
er-90-0.45,90,2,1
er-90-0.05,90,1,1
er-90-0.1,90,13,1
er-90-0.5,90,104,1
er-90-0.2,90,6,1
er-90-0.8,90,51,1
er-90-0.7,90,71,1
er-90-0.25,90,6,1
er-90-0.15,90,10,1
er-90-0.9,90,55,1
er-90-0.45,90,8,1
er-90-1.0,90,1,1
er-90-0.1,90,3,1
er-90-0.05,90,2,1
er-90-0.25,90,3,1
er-90-0.45,90,3,1
er-90-0.85,90,4,3
er-90-0.5,90,7,1
er-90-0.9,90,118,3
er-90-1.0,90,1,1
er-90-0.75,90,207,1
er-90-0.15,90,8,1
er-90-0.9,90,31,3
er-90-1.0,90,1,1
er-90-0.9,90,70,1
er-90-0.6,90,76,1
er-90-0.75,90,15,1
er-90-0.7,90,28,3
er-90-1.0,90,2,1
er-90-0.95,90,13,2
er-90-1.0,90,1,1
er-90-0.65,90,9,1
er-90-0.55,90,6,1
er-90-0.3,90,76,2
er-90-0.3,90,1,2
er-90-0.45,90,3,1
er-90-0.4,90,18,2
er-90-0.9,90,116,2
er-90-0.4,90,13,1
er-90-0.5,90,14,1
er-90-0.4,90,28,4
er-90-0.45,90,7,1
er-90-0.85,90,28,1
er-90-0.6,90,10,2
er-90-0.5,90,26,2
er-90-1.0,90,1,1
er-90-0.55,90,14,1
er-90-0.5,90,9,1
er-90-0.65,90,86,1
er-90-0.5,90,15,2
er-90-0.55,90,9,1
er-90-0.15,90,14,1
er-90-0.2,90,2,1
er-90-0.65,90,38,1
er-90-0.2,90,12,1
er-90-0.4,90,17,2
er-90-0.65,90,4,2
er-90-0.6,90,62,3
er-90-0.7,90,29,2
er-90-1.0,90,1,1
er-90-0.35,90,4,1
er-90-0.65,90,97,1
er-90-0.45,90,45,1
er-90-0.05,90,1,1
er-90-1.0,90,1,1
er-90-1.0,90,1,1
er-90-0.3,90,26,1
er-90-0.45,90,18,2
er-90-0.85,90,7,3
er-90-0.85,90,17,1
er-90-0.55,90,7,2
er-90-0.05,90,3,1
er-90-0.1,90,2,1
er-90-0.35,90,3,1
er-90-0.25,90,10,1
er-90-0.3,90,60,1
er-90-0.45,90,44,1
er-90-0.9,90,126,1
er-90-0.8,90,9,2
er-90-0.55,90,1,2
er-90-0.3,90,11,1
er-90-0.8,90,43,3
er-90-0.55,90,56,2
er-90-0.3,90,18,5
er-90-0.2,90,8,1
er-90-0.2,90,10,2
er-90-0.8,90,7,1
er-90-0.3,90,19,1
er-90-0.5,90,60,1
er-100-0.1,100,10,1
er-100-0.95,100,40,2
er-100-0.35,100,5,1
er-100-0.9,100,31,1
er-100-0.3,100,5,1
er-100-0.2,100,16,6
er-100-0.1,100,1,1
er-100-1.0,100,1,1
er-100-0.75,100,9,2
er-100-0.15,100,7,1
er-100-0.85,100,57,1
er-100-0.45,100,50,1
er-100-0.25,100,20,1
er-100-0.1,100,11,1
er-100-0.9,100,14,1
er-100-0.9,100,114,1
er-100-0.45,100,61,1
er-100-0.4,100,13,1
er-100-0.25,100,18,1
er-100-0.55,100,80,1
er-100-0.85,100,80,3
er-100-0.25,100,29,2
er-100-0.4,100,8,3
er-100-0.7,100,20,3
er-100-0.75,100,48,1
er-100-0.75,100,67,3
er-100-0.2,100,13,2
er-100-0.15,100,7,1
er-100-0.95,100,240,3
er-100-0.35,100,55,1
er-100-0.3,100,14,1
er-100-0.75,100,27,1
er-100-0.2,100,2,1
er-100-0.4,100,4,2
er-100-0.45,100,6,1
er-100-0.6,100,100,1
er-100-0.9,100,123,1
er-100-0.3,100,18,1
er-100-0.25,100,4,1
er-100-0.95,100,142,2
er-100-0.65,100,15,1
er-100-0.6,100,46,1
er-100-0.9,100,99,1
er-100-0.35,100,4,1
er-100-0.3,100,1,1
er-100-0.8,100,36,5
er-100-0.15,100,39,2
er-100-0.95,100,142,2
er-100-0.5,100,47,1
er-100-0.8,100,50,1
er-100-0.35,100,3,1
er-100-0.95,100,346,7
er-100-0.7,100,9,1
er-100-0.55,100,56,1
er-100-0.15,100,1,1
er-100-0.2,100,3,1
er-100-1.0,100,1,1
er-100-0.2,100,14,2
er-100-0.15,100,1,1
er-100-0.65,100,23,1
er-100-0.45,100,5,1
er-100-0.4,100,14,1
er-100-0.35,100,22,1
er-100-0.85,100,11,1
er-100-0.5,100,10,1
er-100-0.75,100,147,1
er-100-0.95,100,37,1
er-100-0.25,100,54,1
er-100-0.8,100,2,2
er-100-0.35,100,17,3
er-100-0.85,100,52,2
er-100-0.5,100,1,2
er-100-0.75,100,17,3
er-100-0.35,100,19,1
er-100-1.0,100,1,1
er-100-0.75,100,26,1
er-100-0.7,100,4,2
er-100-0.1,100,2,1
er-100-1.0,100,1,1
er-100-0.2,100,21,1
er-100-0.55,100,24,1
er-100-0.15,100,1,1
er-100-0.85,100,33,2
er-100-0.2,100,13,1
er-100-0.85,100,86,1
er-100-0.8,100,189,1
er-100-0.45,100,33,3
er-100-0.35,100,23,2
er-100-0.6,100,34,1
er-100-0.5,100,41,1
er-100-0.65,100,27,2
er-100-0.45,100,59,2
er-100-0.1,100,3,1
er-100-0.45,100,4,1
er-100-0.3,100,6,1
er-100-0.35,100,3,1
er-100-0.15,100,1,1
er-100-0.4,100,10,1
er-100-0.85,100,19,2
er-100-0.35,100,11,1
er-110-0.2,110,14,1
er-110-0.1,110,5,2
er-110-0.35,110,3,1
er-110-0.45,110,10,1
er-110-0.45,110,17,2
er-110-0.1,110,6,1
er-110-0.8,110,49,1
er-110-0.2,110,8,1
er-110-1.0,110,1,1
er-110-0.45,110,17,1
er-110-0.2,110,54,1
er-110-1.0,110,1,1
er-110-0.45,110,9,1
er-110-0.15,110,8,1
er-110-0.6,110,86,1
er-110-0.1,110,1,3
er-110-0.05,110,1,1
er-110-0.55,110,2,3
er-110-0.1,110,5,1
er-110-0.95,110,18,1
er-110-0.7,110,27,1
er-110-0.45,110,2,2
er-110-0.25,110,5,4
er-110-0.8,110,28,4
er-110-0.2,110,31,3
er-110-0.25,110,7,1
er-110-0.8,110,120,4
er-110-0.5,110,8,1
er-110-0.4,110,22,1
er-110-0.7,110,35,1
er-110-0.35,110,26,1
er-110-0.35,110,11,1
er-110-0.15,110,13,1
er-110-0.75,110,8,2
er-110-0.4,110,39,1
er-110-0.7,110,157,2
er-110-0.3,110,6,2
er-110-0.45,110,87,1
er-110-0.65,110,79,1
er-110-0.95,110,136,1
er-110-0.95,110,112,1
er-110-0.6,110,7,1
er-110-0.35,110,60,2
er-110-0.2,110,35,1
er-110-0.4,110,3,1
er-110-0.9,110,104,1
er-110-0.25,110,12,1
er-110-0.35,110,7,1
er-110-0.6,110,33,4
er-110-0.5,110,32,2
er-110-0.75,110,34,1
er-110-0.55,110,2,1
er-110-0.2,110,20,1
er-110-0.7,110,93,3
er-110-0.6,110,1,1
er-110-0.7,110,1,1
er-110-0.5,110,16,1
er-110-0.15,110,20,2
er-110-0.7,110,71,1
er-110-0.55,110,2,1
er-110-0.4,110,13,1
er-110-0.6,110,12,2
er-110-1.0,110,1,1
er-110-0.95,110,365,4
er-110-0.95,110,36,2
er-110-0.8,110,12,3
er-110-0.2,110,16,1
er-110-0.1,110,5,2
er-110-0.8,110,28,1
er-110-0.55,110,4,2
er-110-0.4,110,98,1
er-110-0.05,110,2,1
er-110-0.5,110,2,1
er-110-0.4,110,4,1
er-110-0.55,110,28,3
er-110-0.8,110,78,5
er-110-0.7,110,65,1
er-110-1.0,110,1,1
er-110-0.3,110,25,1
er-110-0.55,110,17,3
er-110-0.25,110,22,1
er-110-0.15,110,3,1
er-110-0.45,110,124,1
er-110-0.55,110,59,1
er-110-0.1,110,5,1
er-110-0.35,110,29,2
er-110-0.5,110,42,1
er-110-0.55,110,23,4
er-110-0.3,110,32,1
er-110-0.65,110,31,1
er-110-0.5,110,116,1
er-110-0.35,110,7,1
er-110-0.7,110,96,1
er-110-0.1,110,7,1
er-110-0.2,110,25,1
er-110-0.35,110,76,1
er-110-0.95,110,27,1
er-110-0.75,110,23,4
er-110-0.2,110,2,1
er-110-0.5,110,11,1
er-120-0.3,120,31,2
er-120-0.25,120,9,1
er-120-0.55,120,77,1
er-120-0.1,120,7,1
er-120-0.45,120,16,1
er-120-0.5,120,5,1
er-120-0.8,120,265,3
er-120-0.9,120,16,1
er-120-0.95,120,72,2
er-120-0.55,120,6,2
er-120-0.65,120,89,1
er-120-1.0,120,1,1
er-120-0.25,120,1,1
er-120-0.55,120,60,1
er-120-0.25,120,23,1
er-120-0.4,120,11,2
er-120-0.75,120,49,1
er-120-0.95,120,58,1
er-120-0.75,120,1,1
er-120-0.15,120,16,1
er-120-0.5,120,46,2
er-120-0.3,120,18,2
er-120-0.8,120,102,2
er-120-0.6,120,40,1
er-120-0.6,120,41,4
er-120-0.2,120,1,1
er-120-0.95,120,30,1
er-120-0.15,120,3,1
er-120-0.85,120,453,1
er-120-0.9,120,213,1
er-120-0.1,120,13,1
er-120-0.7,120,6,3
er-120-0.7,120,191,2
er-120-0.25,120,24,1
er-120-1.0,120,1,1
er-120-0.75,120,15,1
er-120-0.85,120,1,5
er-120-0.4,120,16,1
er-120-0.15,120,11,1
er-120-0.3,120,5,1
er-120-0.1,120,1,1
er-120-0.7,120,51,1
er-120-0.85,120,76,2
er-120-0.5,120,29,1
er-120-1.0,120,1,1
er-120-0.1,120,4,1
er-120-0.85,120,14,1
er-120-0.3,120,28,1
er-120-0.55,120,18,2
er-120-0.15,120,15,1
er-120-0.75,120,82,2
er-120-0.35,120,17,1
er-120-0.45,120,39,2
er-120-0.85,120,105,1
er-120-0.15,120,7,2
er-120-0.3,120,84,1
er-120-0.25,120,1,1
er-120-0.85,120,83,1
er-120-0.65,120,14,1
er-120-0.7,120,29,1
er-120-0.8,120,45,1
er-120-0.65,120,202,1
er-120-0.95,120,56,2
er-120-0.35,120,32,1
er-120-0.55,120,12,1
er-120-1.0,120,1,1
er-120-0.95,120,103,4
er-120-0.25,120,4,1
er-120-0.55,120,3,1
er-120-0.35,120,7,1
er-120-0.85,120,162,1
er-120-0.9,120,10,1
er-120-0.75,120,33,1
er-120-0.75,120,9,1
er-120-0.65,120,10,2
er-120-0.1,120,3,1
er-120-0.5,120,23,4
er-120-0.65,120,118,1
er-120-0.85,120,161,1
er-120-0.25,120,33,1
er-120-0.25,120,54,3
er-120-1.0,120,1,1
er-120-0.95,120,100,4
er-120-0.3,120,55,1
er-120-0.2,120,18,1
er-120-0.4,120,12,1
er-120-0.7,120,3,2
er-120-0.35,120,30,2
er-120-1.0,120,1,1
er-120-0.65,120,12,2
er-120-0.05,120,1,1
er-120-0.25,120,10,1
er-120-1.0,120,1,1
er-120-0.1,120,12,1
er-120-0.85,120,28,4
er-120-0.3,120,14,2
er-120-0.15,120,9,1
er-120-0.25,120,12,1
er-120-0.55,120,52,1
er-120-0.55,120,31,1
er-130-0.15,130,5,3
er-130-0.25,130,97,1
er-130-0.45,130,69,5
er-130-0.25,130,36,1
er-130-0.6,130,87,2
er-130-0.05,130,4,1
er-130-0.75,130,20,3
er-130-0.1,130,4,1
er-130-0.15,130,50,2
er-130-0.7,130,48,3
er-130-0.55,130,268,1
er-130-0.6,130,97,3
er-130-0.05,130,1,1
er-130-0.35,130,14,3
er-130-0.45,130,27,1
er-130-0.8,130,16,1
er-130-1.0,130,1,1
er-130-0.4,130,17,2
er-130-0.4,130,107,3
er-130-0.75,130,5,2
er-130-0.3,130,40,3
er-130-0.3,130,10,1
er-130-1.0,130,1,1
er-130-0.25,130,34,3
er-130-0.15,130,3,2
er-130-0.2,130,17,1
er-130-0.6,130,170,3
er-130-0.75,130,88,1
er-130-0.8,130,20,1
er-130-0.9,130,123,1
er-130-0.95,130,24,1
er-130-0.8,130,75,1
er-130-0.65,130,9,3
er-130-0.95,130,134,2
er-130-0.75,130,89,3
er-130-0.95,130,73,1
er-130-0.8,130,16,1
er-130-0.5,130,14,2
er-130-0.6,130,22,1
er-130-0.8,130,55,3
er-130-0.25,130,37,3
er-130-0.25,130,23,1
er-130-0.35,130,35,1
er-130-0.1,130,6,1
er-130-0.95,130,43,1
er-130-0.6,130,7,1
er-130-1.0,130,1,1
er-130-0.35,130,13,1
er-130-0.8,130,185,1
er-130-0.85,130,151,1
er-130-0.55,130,107,2
er-130-0.6,130,207,3
er-130-0.8,130,15,1
er-130-0.9,130,6,1
er-130-0.05,130,1,1
er-130-0.2,130,22,3
er-130-0.05,130,1,1
er-130-0.25,130,1,1
er-130-0.1,130,3,1
er-130-0.75,130,5,1
er-130-0.55,130,55,1
er-130-0.55,130,13,2
er-130-0.6,130,106,1
er-130-0.85,130,24,1
er-130-0.8,130,55,2
er-130-0.05,130,2,1
er-130-0.5,130,11,1
er-130-0.55,130,108,4
er-130-0.8,130,137,2
er-130-0.3,130,11,1
er-130-0.2,130,52,1
er-130-0.4,130,16,1
er-130-0.1,130,1,1
er-130-0.3,130,29,2
er-130-0.9,130,55,1
er-130-0.45,130,42,2
er-130-0.05,130,1,1
er-130-0.75,130,3,1
er-130-0.2,130,54,3
er-130-0.15,130,3,1
er-130-0.95,130,2,1
er-130-0.35,130,2,1
er-130-0.5,130,128,1
er-130-1.0,130,1,1
er-130-0.15,130,49,2
er-130-0.25,130,21,2
er-130-0.65,130,35,1
er-130-0.75,130,58,1
er-130-0.35,130,13,1
er-130-0.8,130,6,1
er-130-0.2,130,1,1
er-130-0.15,130,5,1
er-130-0.6,130,29,1
er-130-0.9,130,133,3
er-130-0.55,130,45,3
er-130-0.3,130,13,1
er-130-0.45,130,21,1
er-130-0.5,130,19,1
er-130-0.8,130,45,1
er-130-0.55,130,45,1
er-140-1.0,140,1,1
er-140-0.7,140,51,1
er-140-0.45,140,8,1
er-140-0.05,140,1,1
er-140-0.65,140,28,1
er-140-0.75,140,76,4
er-140-0.75,140,19,1
er-140-0.95,140,63,1
er-140-0.3,140,4,2
er-140-0.75,140,20,2
er-140-0.7,140,34,3
er-140-0.25,140,1,1
er-140-0.3,140,13,2
er-140-0.95,140,2,2
er-140-0.1,140,44,1
er-140-0.05,140,3,1
er-140-0.3,140,6,1
er-140-0.15,140,10,1
er-140-0.15,140,18,1
er-140-0.75,140,71,3
er-140-0.85,140,142,1
er-140-0.1,140,26,1
er-140-0.25,140,24,1
er-140-0.45,140,7,1
er-140-0.85,140,27,1
er-140-0.1,140,8,1
er-140-0.8,140,112,2
er-140-0.45,140,14,2
er-140-0.35,140,13,1
er-140-0.95,140,55,1
er-140-1.0,140,1,1
er-140-0.45,140,10,1
er-140-0.55,140,79,3
er-140-0.45,140,96,2
er-140-0.9,140,24,2
er-140-0.7,140,60,1
er-140-0.65,140,9,3
er-140-0.7,140,201,3
er-140-0.7,140,39,3
er-140-0.8,140,10,4
er-140-0.9,140,158,2
er-140-0.15,140,21,2
er-140-1.0,140,1,1
er-140-0.95,140,121,2
er-140-0.4,140,118,1
er-140-0.3,140,25,2
er-140-0.85,140,120,1
er-140-0.1,140,11,1
er-140-0.15,140,53,1
er-140-1.0,140,1,1
er-140-0.05,140,1,1
er-140-0.05,140,3,1
er-140-0.75,140,68,1
er-140-0.75,140,130,1
er-140-0.85,140,87,1
er-140-0.85,140,271,2
er-140-0.6,140,33,1
er-140-0.7,140,15,1
er-140-0.55,140,49,2
er-140-0.75,140,16,1
er-140-1.0,140,1,1
er-140-0.45,140,62,1
er-140-0.2,140,37,1
er-140-0.9,140,33,2
er-140-0.85,140,4,1
er-140-0.85,140,69,2
er-140-0.55,140,1,1
er-140-1.0,140,1,1
er-140-0.55,140,35,1
er-140-1.0,140,1,1
er-140-0.3,140,9,2
er-140-0.05,140,1,1
er-140-0.1,140,2,1
er-140-1.0,140,2,1
er-140-0.75,140,5,1
er-140-0.55,140,27,1
er-140-0.2,140,70,1
er-140-0.45,140,6,2
er-140-0.25,140,39,1
er-140-0.05,140,2,1
er-140-1.0,140,1,1
er-140-0.65,140,8,1
er-140-1.0,140,1,1
er-140-0.1,140,1,1
er-140-0.45,140,40,3
er-140-0.2,140,4,2
er-140-0.15,140,1,1
er-140-0.35,140,36,3
er-140-0.3,140,59,3
er-140-0.9,140,315,2
er-140-1.0,140,1,1
er-140-0.75,140,58,1
er-140-0.7,140,39,1
er-140-0.35,140,5,1
er-140-0.2,140,11,1
er-140-1.0,140,1,1
er-140-0.5,140,4,1
er-140-0.6,140,66,3
er-140-0.25,140,4,1
er-140-0.45,140,85,3
er-150-0.8,150,29,1
er-150-0.25,150,7,1
er-150-0.95,150,23,1
er-150-0.35,150,31,1
er-150-0.85,150,37,1
er-150-0.15,150,22,1
er-150-0.5,150,35,1
er-150-0.65,150,79,1
er-150-0.1,150,2,1
er-150-0.25,150,21,2
er-150-0.25,150,12,1
er-150-0.8,150,60,4
er-150-0.9,150,168,3
er-150-0.6,150,36,1
er-150-0.5,150,79,1
er-150-0.5,150,1,1
er-150-0.65,150,12,1
er-150-0.2,150,13,4
er-150-0.15,150,13,3
er-150-0.55,150,28,3
er-150-0.15,150,1,1
er-150-0.85,150,140,1
er-150-0.4,150,25,2
er-150-0.1,150,7,1
er-150-0.8,150,67,2
er-150-0.95,150,150,1
er-150-0.25,150,8,1
er-150-0.8,150,132,1
er-150-0.25,150,31,1
er-150-0.35,150,39,1
er-150-0.8,150,88,2
er-150-0.95,150,10,1
er-150-0.15,150,30,1
er-150-0.15,150,25,1
er-150-0.9,150,139,1
er-150-0.05,150,3,1
er-150-0.7,150,21,2
er-150-0.65,150,48,2
er-150-0.2,150,11,1
er-150-0.35,150,14,4
er-150-0.95,150,17,3
er-150-0.1,150,1,1
er-150-0.65,150,7,1
er-150-0.95,150,150,1
er-150-0.45,150,229,1
er-150-0.35,150,29,1
er-150-0.55,150,36,3
er-150-0.4,150,4,1
er-150-0.7,150,67,1
er-150-0.45,150,15,1
er-150-0.3,150,11,1
er-150-0.35,150,19,1
er-150-0.55,150,97,1
er-150-0.25,150,77,1
er-150-0.65,150,9,2
er-150-0.65,150,82,1
er-150-0.25,150,7,2
er-150-0.55,150,35,3
er-150-0.9,150,230,4
er-150-0.3,150,38,1
er-150-0.55,150,49,1
er-150-0.55,150,11,1
er-150-0.05,150,1,1
er-150-0.4,150,17,1
er-150-0.65,150,262,3
er-150-0.85,150,69,1
er-150-0.05,150,11,1
er-150-0.4,150,19,4
er-150-0.75,150,170,2
er-150-0.25,150,38,1
er-150-0.6,150,6,2
er-150-0.8,150,139,2
er-150-0.65,150,85,1
er-150-0.9,150,173,8
er-150-0.5,150,96,1
er-150-0.05,150,4,1
er-150-0.8,150,55,1
er-150-0.9,150,27,1
er-150-0.05,150,1,1
er-150-0.35,150,182,1
er-150-0.3,150,1,1
er-150-0.4,150,25,2
er-150-0.05,150,1,1
er-150-0.8,150,67,2
er-150-0.1,150,5,1
er-150-0.75,150,51,2
er-150-0.25,150,7,1
er-150-0.6,150,19,1
er-150-0.75,150,12,1
er-150-0.2,150,13,1
er-150-0.2,150,25,1
er-150-0.25,150,32,3
er-150-0.35,150,4,3
er-150-0.75,150,34,1
er-150-0.3,150,6,1
er-150-0.65,150,107,2
er-150-0.3,150,16,3
er-150-0.4,150,1,1
er-150-0.8,150,78,1
er-150-0.95,150,149,1
er-160-0.7,160,16,1
er-160-0.5,160,45,1
er-160-0.9,160,13,1
er-160-0.1,160,42,2
er-160-0.75,160,51,2
er-160-0.9,160,57,2
er-160-0.3,160,49,2
er-160-0.8,160,72,1
er-160-0.1,160,3,1
er-160-0.25,160,30,1
er-160-0.15,160,74,1
er-160-0.65,160,68,2
er-160-0.35,160,2,1
er-160-0.85,160,43,1
er-160-1.0,160,1,1
er-160-0.6,160,25,4
er-160-0.6,160,63,2
er-160-0.6,160,12,1
er-160-0.5,160,87,1
er-160-0.55,160,126,1
er-160-1.0,160,1,1
er-160-0.1,160,5,1
er-160-0.35,160,16,1
er-160-0.05,160,4,1
er-160-0.75,160,137,2
er-160-0.25,160,105,1
er-160-0.55,160,93,1
er-160-0.3,160,11,1
er-160-0.75,160,19,1
er-160-0.05,160,5,3
er-160-0.85,160,174,3
er-160-0.1,160,2,1
er-160-0.55,160,325,2
er-160-0.3,160,30,1
er-160-1.0,160,1,1
er-160-0.75,160,25,1
er-160-0.15,160,34,1
er-160-0.2,160,37,2
er-160-0.3,160,35,1
er-160-0.7,160,57,2
er-160-0.7,160,24,2
er-160-0.3,160,2,1
er-160-0.95,160,157,1
er-160-0.05,160,17,1
er-160-0.05,160,2,1
er-160-0.45,160,22,1
er-160-0.3,160,1,1
er-160-0.7,160,21,3
er-160-0.35,160,20,1
er-160-0.9,160,104,1
er-160-0.1,160,3,1
er-160-0.9,160,150,1
er-160-0.35,160,127,7
er-160-0.15,160,4,1
er-160-0.25,160,47,1
er-160-0.4,160,20,3
er-160-0.85,160,252,1
er-160-0.2,160,18,1
er-160-0.65,160,51,2
er-160-1.0,160,1,1
er-160-0.25,160,42,1
er-160-0.15,160,2,1
er-160-0.95,160,7,1
er-160-0.35,160,11,1
er-160-0.45,160,5,1
er-160-0.2,160,18,1
er-160-0.75,160,25,1
er-160-0.9,160,67,1
er-160-0.3,160,47,1
er-160-0.4,160,21,2
er-160-0.15,160,1,1
er-160-0.65,160,55,5
er-160-0.2,160,8,1
er-160-0.45,160,17,1
er-160-0.65,160,53,1
er-160-0.15,160,48,1
er-160-0.45,160,47,1
er-160-0.9,160,150,1
er-160-1.0,160,1,1
er-160-0.2,160,43,1
er-160-0.55,160,5,1
er-160-0.05,160,2,1
er-160-0.35,160,63,1
er-160-0.9,160,70,4
er-160-0.5,160,49,2
er-160-0.05,160,1,1
er-160-0.55,160,11,1
er-160-0.6,160,28,1
er-160-0.5,160,22,2
er-160-0.7,160,16,1
er-160-1.0,160,1,1
er-160-0.05,160,9,1
er-160-1.0,160,1,1
er-160-0.7,160,19,1
er-160-0.45,160,78,1
er-160-0.7,160,1,2
er-160-0.6,160,98,1
er-160-0.25,160,22,1
er-160-0.7,160,9,1
er-160-0.35,160,64,1
er-170-0.05,170,4,1
er-170-0.6,170,34,1
er-170-0.8,170,144,1
er-170-0.9,170,18,1
er-170-0.6,170,76,1
er-170-0.4,170,49,4
er-170-0.3,170,31,4
er-170-0.2,170,12,2
er-170-0.95,170,242,4
er-170-0.45,170,25,1
er-170-0.75,170,4,3
er-170-0.4,170,91,1
er-170-0.55,170,64,4
er-170-0.4,170,7,1
er-170-0.45,170,32,3
er-170-0.4,170,2,2
er-170-0.4,170,4,1
er-170-1.0,170,1,1
er-170-0.6,170,48,3
er-170-0.4,170,21,1
er-170-0.05,170,4,1
er-170-0.55,170,117,1
er-170-0.2,170,25,1
er-170-0.95,170,16,3
er-170-0.1,170,30,1
er-170-0.8,170,22,2
er-170-0.25,170,25,3
er-170-0.7,170,50,1
er-170-0.9,170,38,8
er-170-0.4,170,20,1
er-170-0.85,170,78,5
er-170-0.75,170,54,3
er-170-0.85,170,43,2
er-170-0.65,170,26,5
er-170-1.0,170,1,1
er-170-0.85,170,171,1
er-170-0.55,170,37,1
er-170-0.25,170,2,1
er-170-0.75,170,21,1
er-170-0.4,170,56,1
er-170-0.2,170,13,1
er-170-0.15,170,10,1
er-170-0.3,170,36,1
er-170-0.65,170,79,2
er-170-0.15,170,3,1
er-170-0.45,170,18,1
er-170-0.35,170,21,1
er-170-0.85,170,18,1
er-170-0.7,170,60,3
er-170-0.05,170,2,1
er-170-0.65,170,154,1
er-170-1.0,170,1,1
er-170-0.2,170,5,1
er-170-0.3,170,40,2
er-170-0.05,170,3,1
er-170-0.65,170,9,1
er-170-0.65,170,70,1
er-170-0.1,170,16,1
er-170-0.4,170,31,2
er-170-0.25,170,56,2
er-170-0.9,170,136,1
er-170-0.15,170,46,2
er-170-0.9,170,86,1
er-170-0.2,170,59,1
er-170-0.95,170,61,2
er-170-0.3,170,118,3
er-170-0.7,170,9,2
er-170-0.15,170,14,1
er-170-0.45,170,19,1
er-170-0.95,170,211,2
er-170-0.1,170,23,1
er-170-0.45,170,67,1
er-170-0.1,170,9,1
er-170-0.45,170,172,1
er-170-1.0,170,1,1
er-170-0.05,170,6,1
er-170-0.15,170,56,1
er-170-0.4,170,100,2
er-170-0.25,170,1,1
er-170-0.6,170,33,1
er-170-0.1,170,4,1
er-170-0.4,170,12,2
er-170-0.15,170,46,1
er-170-0.05,170,1,1
er-170-0.4,170,129,1
er-170-0.25,170,38,2
er-170-1.0,170,1,1
er-170-0.25,170,1,1
er-170-0.4,170,22,1
er-170-0.4,170,6,2
er-170-0.25,170,13,2
er-170-0.35,170,25,1
er-170-0.4,170,33,1
er-170-1.0,170,1,1
er-170-0.9,170,38,1
er-170-0.7,170,41,3
er-170-0.95,170,25,1
er-170-0.65,170,27,1
er-170-1.0,170,1,1
er-170-0.55,170,7,1
er-180-0.6,180,307,1
er-180-0.1,180,29,1
er-180-0.3,180,38,2
er-180-0.25,180,71,2
er-180-0.65,180,87,1
er-180-0.55,180,12,4
er-180-0.45,180,244,6
er-180-0.2,180,41,1
er-180-0.3,180,76,4
er-180-0.2,180,14,5
er-180-0.7,180,334,1
er-180-1.0,180,1,1
er-180-0.2,180,8,5
er-180-0.8,180,25,2
er-180-0.95,180,299,6
er-180-0.8,180,113,1
er-180-0.35,180,61,3
er-180-0.7,180,14,2
er-180-0.3,180,16,1
er-180-0.55,180,9,1
er-180-0.75,180,99,1
er-180-0.6,180,107,1
er-180-0.9,180,449,1
er-180-0.65,180,7,3
er-180-0.9,180,214,1
er-180-0.65,180,146,1
er-180-0.95,180,27,1
er-180-0.05,180,1,1
er-180-0.95,180,192,2
er-180-0.4,180,38,1
er-180-0.45,180,99,1
er-180-0.8,180,84,2
er-180-0.9,180,30,1
er-180-0.25,180,24,4
er-180-0.15,180,41,1
er-180-0.05,180,3,3
er-180-0.8,180,8,2
er-180-0.3,180,6,1
er-180-0.6,180,1,2
er-180-1.0,180,1,1
er-180-0.2,180,141,1
er-180-0.6,180,29,3
er-180-0.15,180,37,1
er-180-0.7,180,43,1
er-180-0.6,180,182,1
er-180-0.3,180,6,2
er-180-0.2,180,20,1
er-180-0.9,180,207,2
er-180-0.2,180,234,1
er-180-0.55,180,1,2
er-180-0.7,180,45,1
er-180-0.15,180,15,2
er-180-0.25,180,10,2
er-180-0.3,180,17,2
er-180-0.4,180,36,1
er-180-0.25,180,12,2
er-180-0.65,180,77,2
er-180-0.3,180,13,5
er-180-1.0,180,1,1
er-180-0.95,180,85,1
er-180-0.35,180,75,1
er-180-0.35,180,53,4
er-180-1.0,180,1,1
er-180-0.2,180,8,1
er-180-0.3,180,150,4
er-180-0.35,180,37,2
er-180-0.85,180,45,1
er-180-1.0,180,1,1
er-180-0.4,180,99,2
er-180-0.2,180,1,1
er-180-0.1,180,6,2
er-180-0.95,180,371,1
er-180-0.55,180,5,1
er-180-0.05,180,3,1
er-180-0.75,180,42,1
er-180-0.95,180,55,1
er-180-0.7,180,66,1
er-180-0.6,180,200,1
er-180-0.2,180,14,2
er-180-0.7,180,2,1
er-180-0.35,180,12,4
er-180-0.15,180,1,1
er-180-0.95,180,33,1
er-180-0.5,180,102,1
er-180-0.65,180,9,1
er-180-0.85,180,64,1
er-180-0.9,180,181,2
er-180-0.5,180,88,1
er-180-0.25,180,13,1
er-180-0.45,180,38,1
er-180-1.0,180,1,1
er-180-0.6,180,106,1
er-180-0.9,180,13,1
er-180-0.8,180,29,4
er-180-0.7,180,6,1
er-180-0.6,180,208,2
er-180-0.9,180,15,1
er-180-0.7,180,187,1
er-180-0.2,180,2,4
er-180-0.5,180,8,1
er-190-0.85,190,10,1
er-190-0.2,190,1,1
er-190-0.1,190,8,2
er-190-0.3,190,4,2
er-190-0.55,190,66,1
er-190-0.1,190,13,1
er-190-0.15,190,38,2
er-190-0.3,190,39,1
er-190-0.55,190,277,1
er-190-0.2,190,42,3
er-190-1.0,190,1,1
er-190-0.3,190,26,1
er-190-0.35,190,4,1
er-190-0.65,190,124,1
er-190-0.15,190,37,7
er-190-0.9,190,86,1
er-190-0.15,190,14,1
er-190-0.55,190,1,1
er-190-0.65,190,71,1
er-190-0.05,190,2,1
er-190-0.55,190,89,2
er-190-0.85,190,14,5
er-190-0.4,190,5,2
er-190-0.15,190,4,1
er-190-0.6,190,21,2
er-190-0.3,190,261,1
er-190-0.5,190,52,2
er-190-0.9,190,30,1
er-190-0.2,190,33,1
er-190-0.45,190,53,1
er-190-0.45,190,28,2
er-190-0.6,190,1,2
er-190-0.4,190,35,1
er-190-0.15,190,44,1
er-190-0.85,190,95,1
er-190-0.4,190,33,1
er-190-0.7,190,142,3
er-190-0.45,190,11,1
er-190-0.2,190,49,2
er-190-0.9,190,166,2
er-190-0.7,190,26,3
er-190-0.15,190,2,1
er-190-0.4,190,25,1
er-190-0.5,190,25,2
er-190-0.8,190,92,2
er-190-0.4,190,1,1
er-190-1.0,190,1,1
er-190-0.35,190,8,1
er-190-0.75,190,165,1
er-190-0.75,190,41,1
er-190-1.0,190,1,1
er-190-0.2,190,33,1
er-190-0.15,190,14,1
er-190-0.95,190,17,1
er-190-1.0,190,1,1
er-190-0.3,190,3,1
er-190-0.4,190,48,1
er-190-0.75,190,69,1
er-190-0.3,190,124,1
er-190-0.65,190,218,1
er-190-1.0,190,1,1
er-190-0.3,190,10,1
er-190-0.1,190,20,1
er-190-0.55,190,161,1
er-190-0.85,190,303,1
er-190-1.0,190,1,1
er-190-0.95,190,335,2
er-190-0.85,190,254,4
er-190-0.6,190,164,5
er-190-0.6,190,170,4
er-190-1.0,190,1,1
er-190-0.2,190,19,1
er-190-0.9,190,40,3
er-190-0.3,190,35,2
er-190-0.5,190,9,1
er-190-0.25,190,51,1
er-190-0.95,190,428,1
er-190-0.85,190,14,1
er-190-0.75,190,26,3
er-190-0.8,190,39,1
er-190-0.6,190,230,1
er-190-0.1,190,4,1
er-190-0.3,190,21,1
er-190-0.25,190,4,1
er-190-0.95,190,232,2
er-190-0.35,190,73,2
er-190-0.7,190,114,1
er-190-1.0,190,1,1
er-190-0.3,190,24,1
er-190-0.4,190,52,3
er-190-0.55,190,1,6
er-190-0.2,190,5,1
er-190-0.75,190,22,2
er-190-0.05,190,7,1
er-190-1.0,190,1,1
er-190-0.95,190,364,2
er-190-0.45,190,132,2
er-190-0.45,190,71,1
er-190-0.2,190,46,1
er-190-0.35,190,24,1
er-200-0.05,200,3,1
er-200-0.3,200,76,1
er-200-0.3,200,36,3
er-200-1.0,200,1,1
er-200-0.6,200,86,2
er-200-0.6,200,51,1
er-200-0.9,200,129,1
er-200-0.75,200,31,1
er-200-0.35,200,60,1
er-200-0.95,200,196,1
er-200-0.4,200,83,1
er-200-0.3,200,2,1
er-200-0.25,200,56,3
er-200-0.35,200,53,2
er-200-0.85,200,255,2
er-200-0.6,200,69,1
er-200-0.85,200,134,3
er-200-0.55,200,10,1
er-200-0.25,200,10,2
er-200-0.45,200,108,1
er-200-0.15,200,45,1
er-200-0.4,200,15,2
er-200-0.75,200,107,2
er-200-0.2,200,3,2
er-200-0.4,200,26,1
er-200-0.5,200,84,2
er-200-0.3,200,18,1
er-200-0.15,200,15,2
er-200-0.1,200,12,1
er-200-0.1,200,53,1
er-200-0.7,200,173,1
er-200-0.95,200,67,3
er-200-0.95,200,82,2
er-200-0.9,200,468,1
er-200-0.2,200,24,2
er-200-0.5,200,57,1
er-200-1.0,200,1,1
er-200-0.45,200,16,1
er-200-0.7,200,174,5
er-200-0.45,200,22,1
er-200-0.25,200,62,1
er-200-0.9,200,82,2
er-200-0.5,200,24,1
er-200-0.6,200,206,1
er-200-0.95,200,41,5
er-200-0.65,200,51,1
er-200-0.35,200,10,1
er-200-0.7,200,134,1
er-200-0.95,200,180,2
er-200-0.7,200,17,8
er-200-0.4,200,18,1
er-200-0.75,200,197,1
er-200-0.7,200,21,2
er-200-0.1,200,10,1
er-200-0.4,200,1,3
er-200-0.3,200,8,1
er-200-0.35,200,39,1
er-200-0.25,200,83,1
er-200-0.55,200,106,1
er-200-0.65,200,47,1
er-200-0.8,200,82,1
er-200-1.0,200,1,1
er-200-0.8,200,100,1
er-200-0.55,200,49,1
er-200-0.4,200,45,3
er-200-0.55,200,43,1
er-200-0.45,200,70,1
er-200-0.55,200,162,1
er-200-0.85,200,101,2
er-200-0.4,200,43,1
er-200-0.15,200,5,1
er-200-0.15,200,2,1
er-200-0.8,200,79,2
er-200-0.35,200,22,1
er-200-0.9,200,14,1
er-200-0.3,200,108,3
er-200-0.75,200,205,1
er-200-0.15,200,4,1
er-200-0.45,200,3,1
er-200-0.05,200,4,1
er-200-0.35,200,174,2
er-200-0.95,200,74,1
er-200-0.2,200,4,2
er-200-0.65,200,10,1
er-200-0.6,200,187,1
er-200-0.05,200,16,1
er-200-0.4,200,39,1
er-200-0.15,200,4,1
er-200-0.85,200,27,1
er-200-0.25,200,26,1
er-200-0.65,200,56,4
er-200-0.9,200,27,1
er-200-0.95,200,72,1
er-200-0.5,200,1,2
er-200-0.45,200,43,3
er-200-0.9,200,9,1
er-200-0.2,200,12,4
er-200-0.85,200,18,2
er-200-0.4,200,187,2
er-200-0.05,200,13,1
er-210-0.1,210,11,3
er-210-0.4,210,25,1
er-210-0.05,210,1,1
er-210-0.45,210,6,1
er-210-0.75,210,452,1
er-210-0.4,210,15,1
er-210-1.0,210,1,1
er-210-0.6,210,201,1
er-210-0.2,210,6,1
er-210-0.2,210,18,1
er-210-0.05,210,2,2
er-210-0.55,210,14,3
er-210-0.2,210,11,4
er-210-0.75,210,50,1
er-210-0.5,210,20,1
er-210-0.65,210,86,1
er-210-0.9,210,16,1
er-210-0.45,210,90,1
er-210-0.55,210,181,1
er-210-0.65,210,358,1
er-210-0.15,210,5,1
er-210-0.75,210,8,1
er-210-0.1,210,4,2
er-210-0.15,210,67,1
er-210-0.2,210,7,1
er-210-0.75,210,11,1
er-210-0.1,210,8,1
er-210-0.6,210,44,1
er-210-0.4,210,85,1
er-210-0.15,210,3,1
er-210-0.85,210,190,1
er-210-0.75,210,82,1
er-210-0.15,210,146,1
er-210-0.9,210,115,3
er-210-0.95,210,30,1
er-210-0.7,210,86,1
er-210-0.7,210,19,1
er-210-0.1,210,24,1
er-210-0.65,210,252,1
er-210-0.25,210,76,4
er-210-0.9,210,212,5
er-210-0.5,210,86,1
er-210-0.55,210,307,3
er-210-0.75,210,75,1
er-210-0.5,210,67,1
er-210-0.2,210,20,2
er-210-0.9,210,48,1
er-210-0.8,210,127,1
er-210-0.9,210,85,1
er-210-0.85,210,82,2
er-210-0.25,210,69,2
er-210-0.9,210,17,1
er-210-0.85,210,111,1
er-210-0.55,210,27,1
er-210-0.1,210,5,1
er-210-0.5,210,75,1
er-210-0.2,210,17,2
er-210-0.5,210,66,2
er-210-0.4,210,23,1
er-210-0.25,210,23,1
er-210-0.55,210,54,2
er-210-0.35,210,113,1
er-210-0.35,210,93,1
er-210-0.65,210,103,1
er-210-0.35,210,83,1
er-210-0.3,210,11,1
er-210-0.3,210,22,2
er-210-0.4,210,9,1
er-210-0.45,210,86,2
er-210-0.1,210,1,1
er-210-0.5,210,4,4
er-210-0.2,210,34,1
er-210-0.45,210,19,1
er-210-0.8,210,74,2
er-210-0.3,210,44,1
er-210-0.55,210,18,1
er-210-0.25,210,53,2
er-210-0.45,210,21,2
er-210-0.8,210,435,1
er-210-0.9,210,17,1
er-210-0.3,210,47,3
er-210-0.85,210,47,1
er-210-0.75,210,80,1
er-210-0.15,210,61,1
er-210-0.15,210,33,1
er-210-0.15,210,28,1
er-210-0.45,210,88,1
er-210-0.15,210,32,1
er-210-0.85,210,159,1
er-210-0.35,210,108,2
er-210-0.4,210,208,1
er-210-0.95,210,89,1
er-210-0.4,210,193,1
er-210-0.45,210,6,1
er-210-0.5,210,149,2
er-210-0.7,210,308,1
er-210-0.85,210,103,1
er-210-0.15,210,21,1
er-210-0.35,210,25,2
er-210-0.25,210,39,2
er-220-0.75,220,165,2
er-220-0.5,220,120,1
er-220-0.2,220,2,1
er-220-0.05,220,1,1
er-220-0.15,220,86,1
er-220-0.05,220,1,1
er-220-0.7,220,213,4
er-220-0.95,220,30,3
er-220-0.45,220,92,3
er-220-0.7,220,12,1
er-220-0.7,220,105,1
er-220-0.3,220,9,2
er-220-0.35,220,101,1
er-220-0.5,220,26,1
er-220-0.6,220,84,1
er-220-0.65,220,31,1
er-220-0.25,220,6,3
er-220-0.5,220,53,2
er-220-0.5,220,192,2
er-220-0.85,220,28,2
er-220-1.0,220,1,1
er-220-0.05,220,8,1
er-220-0.3,220,19,1
er-220-0.85,220,4,2
er-220-0.4,220,198,1
er-220-1.0,220,1,1
er-220-0.45,220,126,3
er-220-0.45,220,71,1
er-220-0.5,220,320,2
er-220-0.4,220,241,2
er-220-0.75,220,132,1
er-220-0.2,220,8,1
er-220-0.1,220,15,1
er-220-0.85,220,126,1
er-220-0.85,220,434,4
er-220-0.65,220,58,3
er-220-0.15,220,56,1
er-220-0.65,220,78,1
er-220-0.3,220,34,1
er-220-0.05,220,10,1
er-220-0.4,220,56,1
er-220-0.55,220,96,1
er-220-0.05,220,2,1
er-220-0.6,220,316,1
er-220-0.1,220,15,1
er-220-0.3,220,47,4
er-220-0.3,220,48,1
er-220-0.1,220,37,1
er-220-1.0,220,1,1
er-220-0.75,220,73,4
er-220-0.7,220,92,5
er-220-0.3,220,59,1
er-220-0.2,220,14,1
er-220-0.8,220,159,1
er-220-0.65,220,115,2
er-220-0.85,220,49,1
er-220-1.0,220,1,1
er-220-0.75,220,85,2
er-220-0.8,220,201,6
er-220-0.05,220,1,2
er-220-0.1,220,10,1
er-220-0.9,220,87,1
er-220-0.9,220,26,1
er-220-0.5,220,105,2
er-220-0.7,220,11,1
er-220-0.05,220,11,1
er-220-0.35,220,65,1
er-220-0.6,220,189,1
er-220-0.5,220,23,1
er-220-0.4,220,6,1
er-220-0.9,220,197,1
er-220-0.9,220,196,1
er-220-0.85,220,166,1
er-220-0.1,220,13,1
er-220-0.75,220,306,2
er-220-0.9,220,22,1
er-220-0.8,220,115,1
er-220-0.55,220,15,1
er-220-0.6,220,39,1
er-220-0.05,220,2,1
er-220-0.25,220,26,1
er-220-0.75,220,22,3
er-220-0.05,220,9,1
er-220-0.65,220,43,2
er-220-0.55,220,3,1
er-220-0.25,220,98,1
er-220-0.3,220,21,1
er-220-0.9,220,91,1
er-220-0.15,220,38,1
er-220-0.65,220,66,1
er-220-0.95,220,5,1
er-220-0.05,220,8,1
er-220-0.8,220,45,1
er-220-0.75,220,108,1
er-220-0.65,220,51,2
er-220-0.45,220,32,1
er-220-0.2,220,83,3
er-220-0.05,220,6,1
er-220-0.05,220,4,1
er-220-0.35,220,2,1
er-230-0.4,230,143,2
er-230-0.85,230,1,1
er-230-0.05,230,2,1
er-230-0.15,230,7,2
er-230-0.45,230,128,1
er-230-0.35,230,75,3
er-230-0.6,230,12,1
er-230-0.55,230,36,1
er-230-0.95,230,191,1
er-230-0.65,230,3,1
er-230-0.6,230,69,1
er-230-1.0,230,1,1
er-230-0.35,230,31,2
er-230-0.15,230,28,1
er-230-1.0,230,1,1
er-230-0.4,230,68,1
er-230-0.65,230,251,2
er-230-0.3,230,169,2
er-230-0.7,230,46,2
er-230-0.25,230,43,1
er-230-0.45,230,37,3
er-230-0.65,230,214,2
er-230-1.0,230,1,1
er-230-0.9,230,28,3
er-230-0.8,230,694,1
er-230-0.2,230,101,3
er-230-0.95,230,95,1
er-230-1.0,230,1,1
er-230-0.85,230,15,1
er-230-0.45,230,249,2
er-230-0.6,230,12,2
er-230-0.95,230,18,1
er-230-0.1,230,1,1
er-230-0.65,230,119,1
er-230-0.25,230,10,2
er-230-0.9,230,274,3
er-230-0.05,230,5,1
er-230-0.9,230,42,1
er-230-0.75,230,12,3
er-230-0.1,230,18,1
er-230-0.2,230,7,1
er-230-0.45,230,19,2
er-230-0.1,230,1,1
er-230-0.95,230,99,1
er-230-0.95,230,71,2
er-230-0.9,230,59,1
er-230-0.95,230,309,4
er-230-0.25,230,54,4
er-230-0.5,230,22,1
er-230-0.3,230,87,2
er-230-0.95,230,30,4
er-230-0.85,230,328,1
er-230-0.55,230,159,1
er-230-0.8,230,128,1
er-230-0.5,230,148,2
er-230-0.45,230,21,1
er-230-0.35,230,87,1
er-230-0.1,230,25,2
er-230-0.85,230,281,1
er-230-0.95,230,27,1
er-230-0.85,230,74,1
er-230-0.5,230,30,2
er-230-0.75,230,72,1
er-230-0.3,230,35,1
er-230-0.55,230,30,2
er-230-0.95,230,3,1
er-230-0.2,230,50,1
er-230-0.3,230,11,1
er-230-0.2,230,13,1
er-230-0.4,230,208,1
er-230-0.7,230,311,2
er-230-0.05,230,15,1
er-230-0.9,230,150,4
er-230-0.5,230,81,1
er-230-0.35,230,55,1
er-230-0.35,230,17,1
er-230-0.9,230,200,3
er-230-0.8,230,89,2
er-230-0.15,230,2,1
er-230-0.9,230,193,2
er-230-0.6,230,26,2
er-230-0.1,230,1,1
er-230-0.45,230,75,1
er-230-0.45,230,8,1
er-230-0.85,230,274,1
er-230-0.85,230,31,3
er-230-0.8,230,150,2
er-230-0.25,230,47,1
er-230-0.3,230,125,1
er-230-0.8,230,37,1
er-230-0.3,230,71,1
er-230-0.3,230,17,1
er-230-1.0,230,1,1
er-230-0.85,230,28,1
er-230-0.9,230,141,1
er-230-0.2,230,4,1
er-230-0.5,230,274,2
er-230-0.45,230,50,1
er-230-0.2,230,44,2
er-230-0.45,230,264,2
er-240-0.5,240,7,1
er-240-0.05,240,4,1
er-240-0.9,240,236,4
er-240-0.6,240,7,1
er-240-0.4,240,66,2
er-240-0.55,240,266,2
er-240-0.8,240,72,1
er-240-0.35,240,42,1
er-240-0.6,240,139,1
er-240-0.95,240,191,1
er-240-0.8,240,21,2
er-240-0.15,240,18,2
er-240-0.95,240,115,1
er-240-0.3,240,210,1
er-240-0.4,240,109,1
er-240-0.7,240,393,3
er-240-0.85,240,18,2
er-240-0.85,240,18,1
er-240-0.2,240,28,1
er-240-0.55,240,2,3
er-240-1.0,240,1,1
er-240-0.7,240,57,1
er-240-0.9,240,181,1
er-240-0.45,240,13,1
er-240-0.9,240,60,3
er-240-0.1,240,11,1
er-240-0.65,240,212,1
er-240-0.75,240,513,1
er-240-0.7,240,474,4
er-240-0.05,240,1,1
er-240-0.1,240,11,1
er-240-0.25,240,31,1
er-240-0.85,240,41,1
er-240-0.4,240,92,1
er-240-0.75,240,76,3
er-240-1.0,240,1,1
er-240-0.8,240,228,1
er-240-0.55,240,98,1
er-240-0.95,240,125,3
er-240-0.5,240,65,2
er-240-0.35,240,19,1
er-240-0.15,240,6,1
er-240-0.15,240,45,1
er-240-0.5,240,42,2
er-240-1.0,240,1,1
er-240-0.85,240,107,2
er-240-0.75,240,24,1
er-240-0.75,240,73,1
er-240-0.2,240,3,1
er-240-0.3,240,36,1
er-240-0.3,240,14,1
er-240-1.0,240,1,1
er-240-0.55,240,140,1
er-240-0.35,240,146,1
er-240-0.95,240,217,1
er-240-0.5,240,64,2
er-240-0.8,240,35,1
er-240-0.55,240,47,1
er-240-0.8,240,67,2
er-240-0.85,240,474,4
er-240-0.85,240,28,1
er-240-0.35,240,105,1
er-240-0.2,240,3,1
er-240-1.0,240,1,1
er-240-0.5,240,117,1
er-240-0.85,240,176,1
er-240-1.0,240,1,1
er-240-0.25,240,153,1
er-240-0.05,240,4,1
er-240-0.8,240,88,4
er-240-0.1,240,15,1
er-240-0.2,240,21,1
er-240-0.15,240,38,4
er-240-0.45,240,38,1
er-240-0.85,240,12,1
er-240-0.6,240,51,1
er-240-0.8,240,119,2
er-240-1.0,240,1,1
er-240-0.6,240,28,2
er-240-0.15,240,7,1
er-240-0.85,240,9,1
er-240-0.6,240,7,1
er-240-0.6,240,119,1
er-240-0.7,240,20,1
er-240-1.0,240,1,1
er-240-1.0,240,1,1
er-240-0.2,240,3,2
er-240-0.8,240,41,3
er-240-0.35,240,1,1
er-240-0.9,240,127,1
er-240-0.6,240,129,1
er-240-0.9,240,329,2
er-240-1.0,240,1,1
er-240-0.4,240,47,1
er-240-0.15,240,20,1
er-240-0.5,240,8,2
er-240-0.2,240,26,1
er-240-0.95,240,1000,2
er-240-0.75,240,53,2
er-240-0.45,240,38,2
er-250-0.3,250,176,1
er-250-0.5,250,63,1
er-250-0.75,250,84,1
er-250-0.75,250,241,1
er-250-0.7,250,148,1
er-250-0.35,250,65,5
er-250-0.85,250,657,1
er-250-1.0,250,1,1
er-250-0.55,250,41,1
er-250-0.35,250,332,3
er-250-0.75,250,158,2
er-250-0.2,250,19,1
er-250-0.9,250,707,2
er-250-1.0,250,1,1
er-250-0.95,250,175,2
er-250-0.7,250,48,1
er-250-1.0,250,1,1
er-250-0.5,250,110,3
er-250-0.55,250,101,1
er-250-0.25,250,20,1
er-250-0.95,250,82,4
er-250-0.3,250,113,1
er-250-0.1,250,19,1
er-250-0.65,250,57,1
er-250-0.65,250,18,1
er-250-0.8,250,2,1
er-250-0.95,250,1000,1
er-250-0.55,250,121,3
er-250-0.45,250,2,1
er-250-0.8,250,75,2
er-250-0.6,250,35,1
er-250-0.5,250,98,2
er-250-0.3,250,14,2
er-250-0.05,250,11,1
er-250-0.55,250,190,1
er-250-0.3,250,42,2
er-250-0.3,250,43,2
er-250-0.6,250,8,2
er-250-0.4,250,106,2
er-250-0.25,250,30,1
er-250-0.65,250,8,4
er-250-0.5,250,1,1
er-250-0.45,250,57,7
er-250-0.1,250,37,1
er-250-0.65,250,34,1
er-250-0.05,250,6,1
er-250-0.95,250,78,4
er-250-0.75,250,1,1
er-250-0.6,250,246,2
er-250-0.65,250,93,6
er-250-0.45,250,192,3
er-250-0.2,250,35,1
er-250-0.7,250,132,1
er-250-0.95,250,183,2
er-250-0.3,250,9,1
er-250-0.85,250,163,1
er-250-0.75,250,51,1
er-250-0.1,250,2,1
er-250-0.3,250,149,1
er-250-0.2,250,5,3
er-250-0.35,250,10,1
er-250-0.75,250,5,2
er-250-0.35,250,27,2
er-250-0.9,250,10,1
er-250-1.0,250,1,1
er-250-0.3,250,121,2
er-250-0.25,250,7,4
er-250-0.45,250,133,1
er-250-0.65,250,63,1
er-250-0.6,250,415,1
er-250-0.05,250,7,2
er-250-0.2,250,6,4
er-250-0.1,250,7,1
er-250-0.65,250,48,1
er-250-0.85,250,321,1
er-250-0.2,250,51,2
er-250-0.75,250,4,1
er-250-0.5,250,34,1
er-250-0.5,250,316,2
er-250-0.6,250,100,1
er-250-0.8,250,193,3
er-250-0.4,250,59,1
er-250-0.5,250,106,1
er-250-0.1,250,1,2
er-250-0.7,250,384,1
er-250-0.4,250,44,2
er-250-0.4,250,26,3
er-250-0.55,250,44,4
er-250-1.0,250,1,1
er-250-0.95,250,409,1
er-250-0.7,250,167,1
er-250-0.25,250,52,2
er-250-0.25,250,109,2
er-250-0.4,250,56,2
er-250-0.4,250,37,1
er-250-0.55,250,152,2
er-250-1.0,250,1,1
er-250-0.15,250,70,1
er-250-0.45,250,41,1
er-250-0.2,250,35,3
er-260-0.45,260,32,2
er-260-0.15,260,9,1
er-260-0.4,260,2,1
er-260-0.1,260,32,1
er-260-0.8,260,73,1
er-260-0.35,260,241,1
er-260-0.3,260,28,1
er-260-0.2,260,34,1
er-260-0.8,260,58,2
er-260-0.45,260,54,5
er-260-0.55,260,135,1
er-260-0.7,260,207,1
er-260-0.1,260,23,1
er-260-0.5,260,17,1
er-260-0.1,260,3,1
er-260-0.35,260,11,1
er-260-0.2,260,73,1
er-260-0.15,260,23,1
er-260-0.65,260,85,1
er-260-0.55,260,9,2
er-260-0.7,260,117,3
er-260-0.75,260,452,9
er-260-0.65,260,37,1
er-260-0.55,260,133,1
er-260-0.15,260,59,1
er-260-0.15,260,11,1
er-260-0.2,260,5,3
er-260-0.85,260,68,2
er-260-0.85,260,1,1
er-260-0.15,260,142,3
er-260-0.2,260,20,1
er-260-0.95,260,165,2
er-260-0.85,260,11,1
er-260-0.15,260,21,1
er-260-0.2,260,32,1
er-260-0.4,260,31,1
er-260-0.35,260,7,1
er-260-0.55,260,231,2
er-260-0.05,260,2,1
er-260-0.3,260,11,2
er-260-0.95,260,200,2
er-260-0.1,260,20,1
er-260-0.6,260,81,3
er-260-0.1,260,10,1
er-260-0.55,260,11,2
er-260-0.2,260,128,1
er-260-0.15,260,13,1
er-260-0.65,260,18,3
er-260-0.8,260,104,1
er-260-0.15,260,1,1
er-260-0.5,260,11,1
er-260-1.0,260,1,1
er-260-0.75,260,78,1
er-260-0.45,260,49,1
er-260-0.8,260,259,1
er-260-0.1,260,17,2
er-260-1.0,260,1,1
er-260-0.75,260,340,1
er-260-0.3,260,28,2
er-260-0.35,260,52,1
er-260-0.1,260,17,2
er-260-0.55,260,17,2
er-260-0.25,260,12,3
er-260-0.3,260,45,2
er-260-0.75,260,188,2
er-260-0.05,260,17,2
er-260-0.85,260,68,1
er-260-0.95,260,108,1
er-260-0.8,260,87,3
er-260-0.25,260,32,3
er-260-0.45,260,275,1
er-260-0.1,260,36,2
er-260-0.05,260,21,1
er-260-0.85,260,31,2
er-260-0.15,260,46,1
er-260-0.25,260,51,2
er-260-0.3,260,4,2
er-260-0.2,260,66,2
er-260-0.75,260,177,1
er-260-0.5,260,52,1
er-260-0.8,260,181,4
er-260-0.4,260,77,3
er-260-0.4,260,65,1
er-260-0.75,260,220,3
er-260-0.95,260,307,3
er-260-0.9,260,147,2
er-260-1.0,260,1,1
er-260-0.45,260,14,1
er-260-0.7,260,269,3
er-260-1.0,260,1,1
er-260-0.4,260,2,1
er-260-0.15,260,38,1
er-260-0.7,260,23,1
er-260-0.85,260,86,1
er-260-0.65,260,102,1
er-260-0.45,260,21,2
er-260-0.3,260,274,1
er-260-0.35,260,96,1
er-260-0.25,260,3,1
er-260-0.85,260,611,2
er-270-0.2,270,30,1
er-270-0.3,270,181,1
er-270-0.7,270,875,1
er-270-0.45,270,167,3
er-270-0.35,270,246,2
er-270-0.5,270,107,1
er-270-0.9,270,14,1
er-270-0.45,270,149,2
er-270-0.65,270,23,2
er-270-0.3,270,56,4
er-270-0.25,270,157,2
er-270-0.85,270,102,1
er-270-0.85,270,367,1
er-270-0.25,270,1,3
er-270-0.65,270,227,1
er-270-0.65,270,42,2
er-270-0.35,270,51,2
er-270-0.1,270,19,1
er-270-0.45,270,25,1
er-270-0.75,270,9,1
er-270-0.5,270,26,3
er-270-0.2,270,59,3
er-270-0.5,270,238,2
er-270-0.2,270,38,1
er-270-0.45,270,8,2
er-270-0.45,270,69,1
er-270-0.35,270,27,6
er-270-0.5,270,159,1
er-270-0.35,270,94,4
er-270-0.95,270,415,3
er-270-0.05,270,20,1
er-270-0.8,270,56,1
er-270-0.4,270,370,2
er-270-0.15,270,29,1
er-270-0.8,270,692,2
er-270-0.55,270,74,1
er-270-0.4,270,36,1
er-270-0.15,270,38,1
er-270-0.7,270,435,1
er-270-0.35,270,114,1
er-270-0.3,270,25,1
er-270-0.9,270,68,1
er-270-0.6,270,94,1
er-270-0.45,270,72,2
er-270-0.75,270,140,1
er-270-0.1,270,47,2
er-270-0.45,270,154,3
er-270-0.05,270,6,1
er-270-0.9,270,201,1
er-270-0.65,270,102,2
er-270-0.6,270,115,1
er-270-0.05,270,1,1
er-270-0.55,270,90,1
er-270-0.35,270,112,2
er-270-0.55,270,41,3
er-270-0.2,270,77,1
er-270-0.7,270,445,2
er-270-0.1,270,55,1
er-270-0.7,270,50,1
er-270-0.45,270,6,2
er-270-0.1,270,25,1
er-270-0.35,270,158,4
er-270-0.1,270,20,1
er-270-0.3,270,15,2
er-270-0.65,270,211,1
er-270-0.6,270,141,1
er-270-0.25,270,18,1
er-270-1.0,270,1,1
er-270-0.45,270,28,1
er-270-0.8,270,48,2
er-270-0.25,270,129,1
er-270-0.8,270,314,2
er-270-0.6,270,83,1
er-270-0.2,270,24,3
er-270-0.7,270,60,1
er-270-0.45,270,153,1
er-270-0.45,270,38,2
er-270-0.2,270,25,3
er-270-0.15,270,85,1
er-270-0.55,270,113,2
er-270-0.1,270,13,2
er-270-0.1,270,11,1
er-270-0.6,270,148,1
er-270-0.35,270,50,3
er-270-0.85,270,162,3
er-270-0.6,270,338,2
er-270-0.25,270,86,3
er-270-0.25,270,50,1
er-270-0.05,270,2,2
er-270-0.6,270,141,3
er-270-0.75,270,104,3
er-270-1.0,270,1,1
er-270-0.4,270,9,1
er-270-0.65,270,770,6
er-270-0.7,270,276,1
er-270-0.3,270,135,1
er-270-0.35,270,10,1
er-270-0.25,270,66,2
er-270-0.15,270,63,2
er-270-0.4,270,110,3
er-280-0.4,280,77,1
er-280-0.4,280,54,6
er-280-0.85,280,138,2
er-280-0.7,280,189,1
er-280-0.4,280,4,1
er-280-0.55,280,148,1
er-280-0.8,280,135,4
er-280-0.25,280,43,1
er-280-0.55,280,28,2
er-280-0.2,280,166,1
er-280-0.2,280,78,1
er-280-0.25,280,16,3
er-280-0.55,280,219,2
er-280-0.75,280,116,3
er-280-0.8,280,182,3
er-280-0.9,280,123,1
er-280-0.4,280,44,2
er-280-0.6,280,45,1
er-280-0.8,280,44,2
er-280-0.2,280,38,1
er-280-0.25,280,80,1
er-280-1.0,280,1,1
er-280-0.1,280,111,1
er-280-0.9,280,297,3
er-280-0.25,280,222,2
er-280-0.05,280,19,2
er-280-0.9,280,119,1
er-280-0.45,280,99,2
er-280-0.3,280,17,1
er-280-0.95,280,5,1
er-280-0.95,280,96,1
er-280-0.85,280,385,2
er-280-0.5,280,51,1
er-280-0.65,280,268,3
er-280-0.95,280,232,1
er-280-0.35,280,296,1
er-280-0.5,280,99,1
er-280-0.5,280,72,1
er-280-0.8,280,4,1
er-280-0.05,280,2,1
er-280-0.45,280,279,2
er-280-0.4,280,54,1
er-280-0.7,280,47,1
er-280-0.5,280,10,1
er-280-0.6,280,15,1
er-280-0.75,280,270,2
er-280-0.55,280,62,1
er-280-0.25,280,81,1
er-280-0.2,280,69,1
er-280-0.2,280,108,1
er-280-0.65,280,7,2
er-280-1.0,280,1,1
er-280-0.75,280,259,1
er-280-0.4,280,151,1
er-280-0.45,280,279,4
er-280-0.35,280,17,1
er-280-0.55,280,82,2
er-280-0.05,280,9,1
er-280-0.3,280,32,1
er-280-0.05,280,12,2
er-280-0.65,280,124,1
er-280-0.75,280,95,2
er-280-0.5,280,14,3
er-280-0.55,280,13,2
er-280-0.15,280,4,1
er-280-0.9,280,315,2
er-280-0.25,280,8,2
er-280-1.0,280,1,1
er-280-0.75,280,715,1
er-280-0.35,280,80,2
er-280-0.5,280,189,4
er-280-0.45,280,67,1
er-280-0.25,280,53,2
er-280-0.9,280,152,2
er-280-0.1,280,80,1
er-280-0.75,280,1,1
er-280-0.05,280,10,1
er-280-0.3,280,14,1
er-280-0.6,280,20,1
er-280-0.6,280,24,1
er-280-0.7,280,12,1
er-280-1.0,280,1,1
er-280-0.55,280,278,1
er-280-0.9,280,19,4
er-280-0.95,280,32,2
er-280-0.55,280,121,1
er-280-0.05,280,4,1
er-280-0.95,280,188,2
er-280-0.2,280,8,1
er-280-0.6,280,229,1
er-280-0.8,280,75,1
er-280-0.2,280,28,3
er-280-0.75,280,25,1
er-280-0.8,280,349,2
er-280-0.05,280,25,1
er-280-0.05,280,10,1
er-280-0.9,280,11,2
er-280-0.25,280,64,2
er-280-0.45,280,268,1
er-280-0.05,280,5,1
er-290-0.55,290,83,1
er-290-0.7,290,28,1
er-290-0.3,290,13,3
er-290-0.8,290,256,2
er-290-0.05,290,1,2
er-290-0.55,290,31,1
er-290-0.25,290,122,2
er-290-0.9,290,63,1
er-290-0.85,290,212,5
er-290-0.05,290,4,1
er-290-0.45,290,31,1
er-290-0.05,290,52,1
er-290-0.7,290,94,1
er-290-0.85,290,240,2
er-290-0.05,290,12,2
er-290-0.2,290,67,1
er-290-0.95,290,49,1
er-290-0.3,290,11,1
er-290-0.75,290,7,5
er-290-0.8,290,26,2
er-290-0.05,290,60,1
er-290-0.35,290,94,1
er-290-0.7,290,661,1
er-290-0.4,290,86,1
er-290-0.6,290,16,4
er-290-0.15,290,144,1
er-290-0.25,290,81,1
er-290-0.2,290,13,1
er-290-0.65,290,77,2
er-290-0.15,290,20,3
er-290-0.1,290,3,1
er-290-0.4,290,42,2
er-290-0.1,290,21,1
er-290-0.4,290,27,2
er-290-0.15,290,70,1
er-290-0.1,290,19,3
er-290-0.85,290,165,4
er-290-0.15,290,14,2
er-290-0.6,290,7,2
er-290-0.9,290,336,2
er-290-0.6,290,40,2
er-290-0.9,290,273,4
er-290-0.7,290,44,2
er-290-0.2,290,101,1
er-290-0.85,290,160,5
er-290-0.25,290,42,1
er-290-0.4,290,270,3
er-290-0.4,290,317,1
er-290-0.75,290,397,1
er-290-0.55,290,41,2
er-290-0.55,290,356,1
er-290-0.6,290,408,1
er-290-0.35,290,59,1
er-290-0.55,290,13,2
er-290-0.3,290,96,1
er-290-0.35,290,3,6
er-290-0.25,290,53,2
er-290-0.2,290,41,1
er-290-0.85,290,67,2
er-290-0.9,290,229,1
er-290-0.5,290,31,1
er-290-0.65,290,235,1
er-290-0.95,290,306,1
er-290-0.65,290,87,1
er-290-0.7,290,200,2
er-290-0.55,290,99,1
er-290-0.55,290,12,1
er-290-0.15,290,37,1
er-290-0.95,290,85,1
er-290-0.15,290,3,1
er-290-0.95,290,157,1
er-290-0.9,290,42,1
er-290-0.9,290,14,1
er-290-0.2,290,56,2
er-290-0.25,290,78,1
er-290-0.35,290,119,2
er-290-0.1,290,10,2
er-290-0.35,290,95,3
er-290-0.25,290,5,4
er-290-0.25,290,30,1
er-290-0.25,290,8,1
er-290-0.9,290,91,1
er-290-0.85,290,91,2
er-290-0.05,290,9,1
er-290-0.2,290,10,2
er-290-0.45,290,42,1
er-290-0.35,290,3,2
er-290-0.75,290,67,3
er-290-0.35,290,23,1
er-290-1.0,290,1,1
er-290-0.7,290,54,2
er-290-0.05,290,8,1
er-290-0.55,290,227,1
er-290-0.1,290,1,1
er-290-0.6,290,131,1
er-290-0.05,290,2,1
er-290-0.15,290,16,2
er-290-0.45,290,16,2
er-290-0.25,290,16,1
er-290-0.35,290,118,3
